<?xml version="1.0" encoding="UTF-8"?>
<beans xmlns="http://www.springframework.org/schema/beans"
	xmlns:xsi="http://www.w3.org/2001/XMLSchema-instance" xmlns:mvc="http://www.springframework.org/schema/mvc"
	xmlns:context="http://www.springframework.org/schema/context"
	xmlns:p="http://www.springframework.org/schema/p"
	xsi:schemaLocation="http://www.springframework.org/schema/beans http://www.springframework.org/schema/beans/spring-beans-3.0.xsd
		http://www.springframework.org/schema/mvc http://www.springframework.org/schema/mvc/spring-mvc-3.0.xsd	
		http://www.springframework.org/schema/context http://www.springframework.org/schema/context/spring-context-3.0.xsd">

	<bean id="dataSource" class="org.springframework.jdbc.datasource.SimpleDriverDataSource" >
		<property name="driverClass" value="com.mysql.jdbc.Driver" />
		<property name="url" value="jdbc:mysql://localhost/spring?characterEncoding=utf-8" />
		<property name="username" value="root" />
		<property name="password" value="Starter" />
	</bean>

	
	<bean id="sqlSessionFactory" class="org.mybatis.spring.SqlSessionFactoryBean">
		<property name="dataSource" ref="dataSource" />
		<property name="typeAliasesPackage" value="kr.ac.jeju.kang.model"/>
	</bean>

	<bean id="mapperScannerConfigurer" class="org.mybatis.spring.mapper.MapperScannerConfigurer">
		<property name="basePackage" value="kr.ac.jeju.kang.repository" />
		<property name="annotationClass" value="org.springframework.stereotype.Repository" />
	</bean>

</beans>