<?xml version="1.0" encoding="UTF-8"?>
<!DOCTYPE mapper PUBLIC "-//mybatis.org//DTD Mapper 3.0//EN"
"http://mybatis.org/dtd/mybatis-3-mapper.dtd">
<mapper namespace="kr.ac.jeju.kang.repository.ProductRepository">
	<select id="findAll" resultType="Product" >
		select 
			id, title, price, provider
		from product
	</select>
<!--  	<insert id="insert" parameterType="User">
		insert into userinfo(id,name,password) values(#{id}, #{name}, #{password})
	</insert>
	<delete id="delete">
		delete from userinfo where id = #{id}
	</delete>
	<select id="findById" resultType="User">
		select 
			id, name, password	
		from userinfo where id = #{id}
	</select>

	<update id="update" parameterType="User"> 
		update userinfo set name=#{name}, password=#{password} where id = #{id}
	</update> -->
</mapper>